/*
 Navicat Premium Data Transfer

 Source Server         : localhost_3306
 Source Server Type    : MySQL
 Source Server Version : 50725
 Source Host           : localhost:3306
 Source Schema         : cool

 Target Server Type    : MySQL
 Target Server Version : 50725
 File Encoding         : 65001

 Date: 04/12/2019 16:53:00
*/

SET NAMES utf8mb4;
SET FOREIGN_KEY_CHECKS = 0;

-- ----------------------------
-- Table structure for sys_conf
-- ----------------------------
DROP TABLE IF EXISTS `sys_conf`;
CREATE TABLE `sys_conf` (
  `id` bigint(20) NOT NULL AUTO_INCREMENT,
  `createTime` datetime(6) NOT NULL DEFAULT CURRENT_TIMESTAMP(6),
  `updateTime` datetime(6) NOT NULL DEFAULT CURRENT_TIMESTAMP(6),
  `cKey` varchar(255) NOT NULL,
  `cValue` varchar(255) NOT NULL,
  PRIMARY KEY (`id`) USING BTREE,
  UNIQUE KEY `IDX_cd5b2672d971f8619e63009d12` (`cKey`) USING BTREE,
  KEY `IDX_3fe26fdbdf2049a6ccafeacca2` (`createTime`) USING BTREE
) ENGINE=InnoDB AUTO_INCREMENT=2 DEFAULT CHARSET=utf8mb4;

-- ----------------------------
-- Records of sys_conf
-- ----------------------------
BEGIN;
INSERT INTO `sys_conf` VALUES (1, '2019-11-17 19:35:50.905349', '2019-11-17 19:35:50.905349', 'logKeep', '30');
COMMIT;

-- ----------------------------
-- Table structure for sys_department
-- ----------------------------
DROP TABLE IF EXISTS `sys_department`;
CREATE TABLE `sys_department` (
  `id` bigint(20) NOT NULL AUTO_INCREMENT,
  `createTime` datetime(6) NOT NULL DEFAULT CURRENT_TIMESTAMP(6),
  `updateTime` datetime(6) NOT NULL DEFAULT CURRENT_TIMESTAMP(6),
  `name` varchar(255) NOT NULL,
  `parentId` bigint(20) DEFAULT NULL,
  `orderNum` int(11) NOT NULL DEFAULT '0',
  PRIMARY KEY (`id`) USING BTREE,
  KEY `IDX_a52c93a4c1e40e5d616b9c4a53` (`createTime`) USING BTREE
) ENGINE=InnoDB AUTO_INCREMENT=18 DEFAULT CHARSET=utf8mb4;

-- ----------------------------
-- Records of sys_department
-- ----------------------------
BEGIN;
INSERT INTO `sys_department` VALUES (1, '2019-11-18 14:56:19.747535', '2019-11-19 00:00:54.000000', 'COOL-ADMIN', NULL, 0);
INSERT INTO `sys_department` VALUES (10, '2019-11-18 17:07:06.666624', '2019-11-18 17:56:16.000000', '123123', 10, 1);
INSERT INTO `sys_department` VALUES (11, '2019-11-18 17:07:10.400246', '2019-11-18 17:56:17.000000', '3333', 11, 3);
INSERT INTO `sys_department` VALUES (12, '2019-11-18 17:20:28.008716', '2019-11-18 17:56:16.000000', '123123123', 12, 2);
INSERT INTO `sys_department` VALUES (13, '2019-11-18 17:58:57.509676', '2019-11-19 00:40:44.000000', '部门1', 1, 1);
INSERT INTO `sys_department` VALUES (14, '2019-11-18 17:59:04.259483', '2019-11-19 00:40:55.000000', '小组1', 13, 2);
INSERT INTO `sys_department` VALUES (15, '2019-11-18 17:59:07.348778', '2019-11-19 00:40:49.000000', '部门2', 1, 3);
INSERT INTO `sys_department` VALUES (16, '2019-11-18 17:59:12.552068', '2019-11-19 00:41:01.000000', '小组2', 15, 4);
INSERT INTO `sys_department` VALUES (17, '2019-11-19 00:41:19.008306', '2019-11-19 00:41:19.008306', '小组1', 15, 0);
COMMIT;

-- ----------------------------
-- Table structure for sys_log
-- ----------------------------
DROP TABLE IF EXISTS `sys_log`;
CREATE TABLE `sys_log` (
  `id` bigint(20) NOT NULL AUTO_INCREMENT,
  `createTime` datetime(6) NOT NULL DEFAULT CURRENT_TIMESTAMP(6),
  `updateTime` datetime(6) NOT NULL DEFAULT CURRENT_TIMESTAMP(6),
  `userId` bigint(20) DEFAULT NULL,
  `params` text,
  `action` varchar(100) NOT NULL,
  `ip` varchar(50) DEFAULT NULL,
  `ipAddr` varchar(50) DEFAULT NULL,
  PRIMARY KEY (`id`) USING BTREE,
  KEY `IDX_7217d5c9de1b05ce4ad42ecbee` (`createTime`) USING BTREE,
  KEY `IDX_ff05f06b91d250e91bb4232163` (`userId`) USING BTREE,
  KEY `IDX_7348bae9165c893fc91281b826` (`action`) USING BTREE,
  KEY `IDX_b90847f09ea57036ce3ff8608a` (`ip`) USING BTREE,
  KEY `IDX_5a45ffff94248c8d1b4fa6a482` (`ipAddr`) USING BTREE
) ENGINE=InnoDB AUTO_INCREMENT=7 DEFAULT CHARSET=utf8mb4;

-- ----------------------------
-- Records of sys_log
-- ----------------------------
BEGIN;
INSERT INTO `sys_log` VALUES (1, '2019-11-26 23:50:40.920282', '2019-11-26 23:50:40.920282', 1, NULL, '/admin/sys/log/clear', '180.88.91.173', '中国福建厦门');
INSERT INTO `sys_log` VALUES (2, '2019-11-26 23:50:41.001449', '2019-11-26 23:50:41.001449', 1, '{\"page\":\"1\",\"size\":\"20\",\"sort\":\"desc\",\"order\":\"createTime\"}', '/admin/sys/log/page', '180.88.91.173', '中国福建厦门');
INSERT INTO `sys_log` VALUES (3, '2019-11-26 23:50:43.395272', '2019-11-26 23:50:43.395272', 1, NULL, '/admin/sys/info/record', '117.25.244.154', '中国福建厦门');
INSERT INTO `sys_log` VALUES (4, '2019-11-26 23:50:46.419499', '2019-11-26 23:50:46.419499', 1, NULL, '/admin/sys/info/record', '117.25.244.154', '中国福建厦门');
INSERT INTO `sys_log` VALUES (5, '2019-11-26 23:50:49.398329', '2019-11-26 23:50:49.398329', 1, NULL, '/admin/sys/info/record', '117.25.244.154', '中国福建厦门');
INSERT INTO `sys_log` VALUES (6, '2019-11-26 23:50:52.397429', '2019-11-26 23:50:52.397429', 1, NULL, '/admin/sys/info/record', '117.25.244.154', '中国福建厦门');
COMMIT;

-- ----------------------------
-- Table structure for sys_menu
-- ----------------------------
DROP TABLE IF EXISTS `sys_menu`;
CREATE TABLE `sys_menu` (
  `id` bigint(20) NOT NULL AUTO_INCREMENT,
  `createTime` datetime(6) NOT NULL DEFAULT CURRENT_TIMESTAMP(6),
  `updateTime` datetime(6) NOT NULL DEFAULT CURRENT_TIMESTAMP(6),
  `parentId` bigint(20) DEFAULT NULL,
  `name` varchar(255) NOT NULL,
  `router` varchar(255) DEFAULT NULL,
  `perms` varchar(255) DEFAULT NULL,
  `type` tinyint(4) NOT NULL DEFAULT '0',
  `icon` varchar(255) DEFAULT NULL,
  `orderNum` int(11) NOT NULL DEFAULT '0',
  `viewPath` varchar(255) DEFAULT NULL,
  `keepAlive` tinyint(4) NOT NULL DEFAULT '1',
  PRIMARY KEY (`id`) USING BTREE,
  KEY `IDX_1616b35781fbecc494f496498f` (`createTime`) USING BTREE
) ENGINE=InnoDB AUTO_INCREMENT=68 DEFAULT CHARSET=utf8mb4;

-- ----------------------------
-- Records of sys_menu
-- ----------------------------
BEGIN;
INSERT INTO `sys_menu` VALUES (1, '2019-09-11 11:14:44.000000', '2019-11-18 15:56:36.000000', NULL, '工作台', '/', NULL, 0, 'icon-gongzuotai', 1, NULL, 1);
INSERT INTO `sys_menu` VALUES (2, '2019-09-11 11:14:47.000000', '2019-09-18 15:37:18.000000', NULL, '系统', '/sys', NULL, 0, 'icon-systemfill', 2, NULL, 1);
INSERT INTO `sys_menu` VALUES (8, '2019-09-11 23:19:57.053631', '2019-09-12 15:53:39.000000', 27, '菜单列表', '/sys/menu', NULL, 1, 'icon-menu', 2, 'views/system/menu/index.vue', 1);
INSERT INTO `sys_menu` VALUES (10, '2019-09-12 00:19:27.325922', '2019-09-12 00:19:27.325922', 8, '新增', NULL, 'sys:menu:add', 2, NULL, 1, NULL, 0);
INSERT INTO `sys_menu` VALUES (11, '2019-09-12 00:19:51.101514', '2019-09-12 00:19:51.101514', 8, '删除', NULL, 'sys:menu:delete', 2, NULL, 2, NULL, 0);
INSERT INTO `sys_menu` VALUES (12, '2019-09-12 00:20:05.150021', '2019-09-12 00:20:05.150021', 8, '修改', NULL, 'sys:menu:update', 2, NULL, 3, NULL, 0);
INSERT INTO `sys_menu` VALUES (13, '2019-09-12 00:20:19.341206', '2019-09-12 00:20:19.341206', 8, '查询', NULL, 'sys:menu:page,sys:menu:list,sys:menu:info', 2, NULL, 4, NULL, 0);
INSERT INTO `sys_menu` VALUES (17, '2019-09-12 00:31:25.334489', '2019-09-15 23:45:57.000000', 27, '用户列表', '/sys/user', NULL, 1, 'icon-user', 1, 'views/system/user/index.vue', 1);
INSERT INTO `sys_menu` VALUES (18, '2019-09-12 00:32:21.000000', '2019-11-09 22:22:19.000000', 17, '新增', NULL, 'sys:user:add', 2, NULL, 1, NULL, 0);
INSERT INTO `sys_menu` VALUES (19, '2019-09-12 00:32:34.578645', '2019-09-12 00:32:34.578645', 17, '删除', NULL, 'sys:user:delete', 2, NULL, 2, NULL, 0);
INSERT INTO `sys_menu` VALUES (20, '2019-09-12 00:32:47.291027', '2019-09-12 00:32:47.291027', 17, '修改', NULL, 'sys:user:update', 2, NULL, 3, NULL, 0);
INSERT INTO `sys_menu` VALUES (21, '2019-09-12 00:33:00.053653', '2019-09-12 00:33:00.053653', 17, '查询', NULL, 'sys:user:page,sys:user:list,sys:user:info', 2, NULL, 4, NULL, 0);
INSERT INTO `sys_menu` VALUES (22, '2019-09-12 00:34:01.141743', '2019-09-15 23:47:27.000000', 27, '角色列表', '/sys/role', NULL, 1, 'icon-role', 3, 'views/system/role/index.vue', 1);
INSERT INTO `sys_menu` VALUES (23, '2019-09-12 00:34:23.459460', '2019-09-12 00:34:23.459460', 22, '新增', NULL, 'sys:role:add', 2, NULL, 1, NULL, 0);
INSERT INTO `sys_menu` VALUES (24, '2019-09-12 00:34:40.523471', '2019-09-12 00:34:40.523471', 22, '删除', NULL, 'sys:role:delete', 2, NULL, 2, NULL, 0);
INSERT INTO `sys_menu` VALUES (25, '2019-09-12 00:34:53.306692', '2019-09-12 00:34:53.306692', 22, '修改', NULL, 'sys:role:update', 2, NULL, 3, NULL, 0);
INSERT INTO `sys_menu` VALUES (26, '2019-09-12 00:35:05.024307', '2019-09-12 00:35:05.024307', 22, '查询', NULL, 'sys:role:page,sys:role:list,sys:role:info', 2, NULL, 4, NULL, 0);
INSERT INTO `sys_menu` VALUES (27, '2019-09-12 15:52:44.342387', '2019-09-15 22:11:56.000000', 2, '权限管理', NULL, NULL, 0, 'icon-permission', 1, NULL, 0);
INSERT INTO `sys_menu` VALUES (28, '2019-09-12 17:19:16.827254', '2019-09-15 22:12:08.000000', 2, '系统监控', NULL, NULL, 0, 'icon-monitor', 2, NULL, 0);
INSERT INTO `sys_menu` VALUES (29, '2019-09-12 17:35:51.000000', '2019-11-26 23:46:53.000000', 28, '请求日志', '/sys/log', '', 1, 'icon-log', 1, 'views/system/log/index.vue', 0);
INSERT INTO `sys_menu` VALUES (30, '2019-09-12 17:37:03.000000', '2019-11-18 14:20:27.000000', 29, '权限', NULL, 'sys:log:page,sys:log:clear,sys:log:get-keep,sys:log:set-keep', 2, NULL, 1, NULL, 0);
INSERT INTO `sys_menu` VALUES (43, '2019-11-07 14:22:34.000000', '2019-11-09 22:11:18.000000', 45, 'crud 示例', '/crud', NULL, 1, 'icon-radioboxfill', 1, 'views/test/crud.vue', 1);
INSERT INTO `sys_menu` VALUES (45, '2019-11-07 22:36:57.000000', '2019-11-11 15:21:10.000000', 1, '组件库', '/ui-lib', NULL, 0, 'icon-activityfill', 2, NULL, 1);
INSERT INTO `sys_menu` VALUES (47, '2019-11-08 09:35:08.000000', '2019-11-08 19:44:44.000000', NULL, '教程', '/tutorial', NULL, 0, 'icon-weibiaoti4', 3, NULL, 1);
INSERT INTO `sys_menu` VALUES (48, '2019-11-08 09:35:53.000000', '2019-11-08 09:37:02.000000', 47, '文档', '/tutorial/doc', NULL, 1, 'icon-favorfill', 0, 'https://docs.cool-admin.com/#/', 1);
INSERT INTO `sys_menu` VALUES (49, '2019-11-09 22:11:13.000000', '2019-11-09 22:11:34.000000', 45, 'Quill富文本', '/editor-quill', NULL, 1, 'icon-radioboxfill', 3, 'views/test/editor-quill.vue', 1);
INSERT INTO `sys_menu` VALUES (53, '2019-11-11 15:21:00.457911', '2019-11-11 15:21:00.457911', 1, '组件预览', '/ui-components', NULL, 1, 'icon-activityfill', 1, 'views/workbench/ui-components', 1);
INSERT INTO `sys_menu` VALUES (59, '2019-11-18 16:50:27.676184', '2019-11-18 16:50:27.676184', 17, '部门列表', NULL, 'sys:department:list', 2, NULL, 0, NULL, 1);
INSERT INTO `sys_menu` VALUES (60, '2019-11-18 16:50:45.783945', '2019-11-18 16:50:45.783945', 17, '新增部门', NULL, 'sys:department:add', 2, NULL, 0, NULL, 1);
INSERT INTO `sys_menu` VALUES (61, '2019-11-18 16:50:59.241883', '2019-11-18 16:50:59.241883', 17, '更新部门', NULL, 'sys:department:update', 2, NULL, 0, NULL, 1);
INSERT INTO `sys_menu` VALUES (62, '2019-11-18 16:51:13.304712', '2019-11-18 16:51:13.304712', 17, '删除部门', NULL, 'sys:department:delete', 2, NULL, 0, NULL, 1);
INSERT INTO `sys_menu` VALUES (63, '2019-11-18 17:49:35.009792', '2019-11-18 17:49:35.009792', 17, '部门排序', NULL, 'sys:department:order', 2, NULL, 0, NULL, 1);
INSERT INTO `sys_menu` VALUES (65, '2019-11-18 23:59:21.775467', '2019-11-18 23:59:21.775467', 17, '用户转移', NULL, 'sys:user:move', 2, NULL, 0, NULL, 1);
INSERT INTO `sys_menu` VALUES (66, '2019-11-26 23:48:16.000000', '2019-11-26 23:48:29.000000', 28, '服务状态', '/sys/perf', NULL, 1, 'icon-monitor', 2, 'views/system/perf/index.vue', 0);
INSERT INTO `sys_menu` VALUES (67, '2019-11-26 23:50:13.059599', '2019-11-26 23:50:13.059599', 66, '记录', NULL, 'sys:info:record', 2, NULL, 0, NULL, 1);
COMMIT;

-- ----------------------------
-- Table structure for sys_role
-- ----------------------------
DROP TABLE IF EXISTS `sys_role`;
CREATE TABLE `sys_role` (
  `id` bigint(20) NOT NULL AUTO_INCREMENT,
  `createTime` datetime(6) NOT NULL DEFAULT CURRENT_TIMESTAMP(6),
  `updateTime` datetime(6) NOT NULL DEFAULT CURRENT_TIMESTAMP(6),
  `name` varchar(255) NOT NULL,
  `remark` varchar(255) DEFAULT NULL,
  `label` varchar(50) DEFAULT NULL,
  PRIMARY KEY (`id`) USING BTREE,
  UNIQUE KEY `IDX_223de54d6badbe43a5490450c3` (`name`) USING BTREE,
  UNIQUE KEY `IDX_f2d07943355da93c3a8a1c411a` (`label`) USING BTREE,
  KEY `IDX_77917ed69a116ebf458c681829` (`createTime`) USING BTREE
) ENGINE=InnoDB AUTO_INCREMENT=31 DEFAULT CHARSET=utf8mb4;

-- ----------------------------
-- Records of sys_role
-- ----------------------------
BEGIN;
INSERT INTO `sys_role` VALUES (1, '2019-09-11 23:04:35.193681', '2019-09-11 23:04:35.193681', '超管', NULL, NULL);
INSERT INTO `sys_role` VALUES (27, '2019-11-07 02:35:13.129487', '2019-11-10 08:57:09.000000', 'testRole', NULL, 'testRole');
INSERT INTO `sys_role` VALUES (28, '2019-11-11 10:21:11.192497', '2019-11-11 10:21:11.192497', '测试', NULL, '2');
INSERT INTO `sys_role` VALUES (29, '2019-11-11 15:15:37.181624', '2019-11-20 15:38:32.000000', '只有部门1', NULL, 'hititle');
INSERT INTO `sys_role` VALUES (30, '2019-11-20 15:47:23.961531', '2019-11-20 15:47:23.961531', '只有部门2小组2', NULL, 'bd2');
COMMIT;

-- ----------------------------
-- Table structure for sys_role_department
-- ----------------------------
DROP TABLE IF EXISTS `sys_role_department`;
CREATE TABLE `sys_role_department` (
  `id` bigint(20) NOT NULL AUTO_INCREMENT,
  `createTime` datetime(6) NOT NULL DEFAULT CURRENT_TIMESTAMP(6),
  `updateTime` datetime(6) NOT NULL DEFAULT CURRENT_TIMESTAMP(6),
  `roleId` bigint(20) NOT NULL,
  `departmentId` bigint(20) NOT NULL,
  PRIMARY KEY (`id`) USING BTREE,
  KEY `IDX_e083017094bc786b1c10c5de8f` (`createTime`) USING BTREE
) ENGINE=InnoDB AUTO_INCREMENT=26 DEFAULT CHARSET=utf8mb4;

-- ----------------------------
-- Records of sys_role_department
-- ----------------------------
BEGIN;
INSERT INTO `sys_role_department` VALUES (7, '2019-11-20 15:38:36.526522', '2019-11-20 15:38:36.526522', 29, 13);
INSERT INTO `sys_role_department` VALUES (8, '2019-11-20 15:38:36.530798', '2019-11-20 15:38:36.530798', 29, 14);
INSERT INTO `sys_role_department` VALUES (9, '2019-11-20 15:38:36.535719', '2019-11-20 15:38:36.535719', 29, 1);
INSERT INTO `sys_role_department` VALUES (13, '2019-11-20 15:49:01.451822', '2019-11-20 15:49:01.451822', 30, 17);
INSERT INTO `sys_role_department` VALUES (14, '2019-11-20 15:49:01.550535', '2019-11-20 15:49:01.550535', 30, 1);
INSERT INTO `sys_role_department` VALUES (15, '2019-11-20 15:49:01.672427', '2019-11-20 15:49:01.672427', 30, 15);
INSERT INTO `sys_role_department` VALUES (16, '2019-11-20 15:50:34.742493', '2019-11-20 15:50:34.742493', 28, 1);
INSERT INTO `sys_role_department` VALUES (17, '2019-11-20 15:50:34.851417', '2019-11-20 15:50:34.851417', 28, 13);
INSERT INTO `sys_role_department` VALUES (18, '2019-11-20 15:50:34.971234', '2019-11-20 15:50:34.971234', 28, 14);
INSERT INTO `sys_role_department` VALUES (19, '2019-11-20 15:50:35.101318', '2019-11-20 15:50:35.101318', 28, 15);
INSERT INTO `sys_role_department` VALUES (20, '2019-11-20 15:50:35.205765', '2019-11-20 15:50:35.205765', 28, 17);
INSERT INTO `sys_role_department` VALUES (21, '2019-11-20 15:50:35.304480', '2019-11-20 15:50:35.304480', 28, 16);
INSERT INTO `sys_role_department` VALUES (22, '2019-11-20 15:50:45.849292', '2019-11-20 15:50:45.849292', 27, 15);
INSERT INTO `sys_role_department` VALUES (23, '2019-11-20 15:50:45.957025', '2019-11-20 15:50:45.957025', 27, 17);
INSERT INTO `sys_role_department` VALUES (24, '2019-11-20 15:50:46.074829', '2019-11-20 15:50:46.074829', 27, 16);
INSERT INTO `sys_role_department` VALUES (25, '2019-11-20 15:50:46.204257', '2019-11-20 15:50:46.204257', 27, 1);
COMMIT;

-- ----------------------------
-- Table structure for sys_role_menu
-- ----------------------------
DROP TABLE IF EXISTS `sys_role_menu`;
CREATE TABLE `sys_role_menu` (
  `id` bigint(20) NOT NULL AUTO_INCREMENT,
  `createTime` datetime(6) NOT NULL DEFAULT CURRENT_TIMESTAMP(6),
  `updateTime` datetime(6) NOT NULL DEFAULT CURRENT_TIMESTAMP(6),
  `roleId` bigint(20) NOT NULL,
  `menuId` bigint(20) NOT NULL,
  PRIMARY KEY (`id`) USING BTREE,
  KEY `IDX_84d8a9d8befebc08fb3be08f1a` (`createTime`) USING BTREE
) ENGINE=InnoDB AUTO_INCREMENT=1146 DEFAULT CHARSET=utf8mb4;

-- ----------------------------
-- Records of sys_role_menu
-- ----------------------------
BEGIN;
INSERT INTO `sys_role_menu` VALUES (89, '2019-09-24 10:48:52.467519', '2019-09-24 10:48:52.467519', 3, 0);
INSERT INTO `sys_role_menu` VALUES (90, '2019-09-24 10:48:52.557034', '2019-09-24 10:48:52.557034', 3, 0);
INSERT INTO `sys_role_menu` VALUES (91, '2019-09-24 10:48:52.660929', '2019-09-24 10:48:52.660929', 3, 0);
INSERT INTO `sys_role_menu` VALUES (92, '2019-09-24 10:48:52.777932', '2019-09-24 10:48:52.777932', 3, 0);
INSERT INTO `sys_role_menu` VALUES (93, '2019-09-24 10:48:52.879811', '2019-09-24 10:48:52.879811', 3, 0);
INSERT INTO `sys_role_menu` VALUES (94, '2019-09-24 10:48:52.970470', '2019-09-24 10:48:52.970470', 3, 0);
INSERT INTO `sys_role_menu` VALUES (95, '2019-09-24 10:48:53.076595', '2019-09-24 10:48:53.076595', 3, 0);
INSERT INTO `sys_role_menu` VALUES (96, '2019-09-24 10:48:53.197894', '2019-09-24 10:48:53.197894', 3, 0);
INSERT INTO `sys_role_menu` VALUES (97, '2019-09-24 10:48:53.315433', '2019-09-24 10:48:53.315433', 3, 0);
INSERT INTO `sys_role_menu` VALUES (98, '2019-09-24 10:48:53.443267', '2019-09-24 10:48:53.443267', 3, 0);
INSERT INTO `sys_role_menu` VALUES (99, '2019-09-24 10:48:53.545574', '2019-09-24 10:48:53.545574', 3, 0);
INSERT INTO `sys_role_menu` VALUES (100, '2019-09-24 10:48:53.635436', '2019-09-24 10:48:53.635436', 3, 0);
INSERT INTO `sys_role_menu` VALUES (101, '2019-09-24 10:48:53.739326', '2019-09-24 10:48:53.739326', 3, 0);
INSERT INTO `sys_role_menu` VALUES (102, '2019-09-24 10:48:53.851149', '2019-09-24 10:48:53.851149', 3, 0);
INSERT INTO `sys_role_menu` VALUES (103, '2019-09-24 10:48:53.967937', '2019-09-24 10:48:53.967937', 3, 0);
INSERT INTO `sys_role_menu` VALUES (104, '2019-09-24 10:48:54.095735', '2019-09-24 10:48:54.095735', 3, 0);
INSERT INTO `sys_role_menu` VALUES (105, '2019-09-24 10:48:54.222146', '2019-09-24 10:48:54.222146', 3, 0);
INSERT INTO `sys_role_menu` VALUES (106, '2019-09-24 10:48:54.348489', '2019-09-24 10:48:54.348489', 3, 0);
INSERT INTO `sys_role_menu` VALUES (107, '2019-09-24 10:48:54.460685', '2019-09-24 10:48:54.460685', 3, 0);
INSERT INTO `sys_role_menu` VALUES (108, '2019-09-24 10:48:54.556885', '2019-09-24 10:48:54.556885', 3, 0);
INSERT INTO `sys_role_menu` VALUES (109, '2019-09-24 10:48:54.647511', '2019-09-24 10:48:54.647511', 3, 0);
INSERT INTO `sys_role_menu` VALUES (110, '2019-09-24 10:48:54.756336', '2019-09-24 10:48:54.756336', 3, 0);
INSERT INTO `sys_role_menu` VALUES (111, '2019-09-24 10:48:54.873173', '2019-09-24 10:48:54.873173', 3, 0);
INSERT INTO `sys_role_menu` VALUES (112, '2019-09-24 10:48:54.998758', '2019-09-24 10:48:54.998758', 3, 0);
INSERT INTO `sys_role_menu` VALUES (113, '2019-09-24 10:49:03.229459', '2019-09-24 10:49:03.229459', 2, 0);
INSERT INTO `sys_role_menu` VALUES (114, '2019-09-24 10:49:03.340162', '2019-09-24 10:49:03.340162', 2, 0);
INSERT INTO `sys_role_menu` VALUES (115, '2019-09-24 10:49:03.458236', '2019-09-24 10:49:03.458236', 2, 0);
INSERT INTO `sys_role_menu` VALUES (116, '2019-09-24 10:49:03.577590', '2019-09-24 10:49:03.577590', 2, 0);
INSERT INTO `sys_role_menu` VALUES (117, '2019-09-24 10:49:03.691109', '2019-09-24 10:49:03.691109', 2, 0);
INSERT INTO `sys_role_menu` VALUES (118, '2019-09-24 10:49:03.802532', '2019-09-24 10:49:03.802532', 2, 0);
INSERT INTO `sys_role_menu` VALUES (119, '2019-09-24 10:49:03.907959', '2019-09-24 10:49:03.907959', 2, 0);
INSERT INTO `sys_role_menu` VALUES (120, '2019-09-24 10:49:04.003739', '2019-09-24 10:49:04.003739', 2, 0);
INSERT INTO `sys_role_menu` VALUES (121, '2019-09-24 10:49:04.107757', '2019-09-24 10:49:04.107757', 2, 0);
INSERT INTO `sys_role_menu` VALUES (122, '2019-09-24 10:49:04.227512', '2019-09-24 10:49:04.227512', 2, 0);
INSERT INTO `sys_role_menu` VALUES (123, '2019-09-24 10:49:04.341716', '2019-09-24 10:49:04.341716', 2, 0);
INSERT INTO `sys_role_menu` VALUES (124, '2019-09-24 10:49:04.452449', '2019-09-24 10:49:04.452449', 2, 0);
INSERT INTO `sys_role_menu` VALUES (125, '2019-09-24 10:49:04.557443', '2019-09-24 10:49:04.557443', 2, 0);
INSERT INTO `sys_role_menu` VALUES (126, '2019-09-24 10:49:04.653254', '2019-09-24 10:49:04.653254', 2, 0);
INSERT INTO `sys_role_menu` VALUES (127, '2019-09-24 10:49:04.756598', '2019-09-24 10:49:04.756598', 2, 0);
INSERT INTO `sys_role_menu` VALUES (128, '2019-09-24 10:49:04.876996', '2019-09-24 10:49:04.876996', 2, 0);
INSERT INTO `sys_role_menu` VALUES (129, '2019-09-24 10:49:04.990503', '2019-09-24 10:49:04.990503', 2, 0);
INSERT INTO `sys_role_menu` VALUES (130, '2019-09-24 10:49:05.101961', '2019-09-24 10:49:05.101961', 2, 0);
INSERT INTO `sys_role_menu` VALUES (131, '2019-09-24 10:49:05.206586', '2019-09-24 10:49:05.206586', 2, 0);
INSERT INTO `sys_role_menu` VALUES (132, '2019-09-24 10:49:05.302415', '2019-09-24 10:49:05.302415', 2, 0);
INSERT INTO `sys_role_menu` VALUES (133, '2019-09-24 10:49:05.407244', '2019-09-24 10:49:05.407244', 2, 0);
INSERT INTO `sys_role_menu` VALUES (134, '2019-09-24 10:49:05.526579', '2019-09-24 10:49:05.526579', 2, 0);
INSERT INTO `sys_role_menu` VALUES (135, '2019-09-24 10:49:05.628459', '2019-09-24 10:49:05.628459', 2, 0);
INSERT INTO `sys_role_menu` VALUES (136, '2019-09-24 10:49:05.744732', '2019-09-24 10:49:05.744732', 2, 0);
INSERT INTO `sys_role_menu` VALUES (137, '2019-09-25 00:41:21.138065', '2019-09-25 00:41:21.138065', 18, 0);
INSERT INTO `sys_role_menu` VALUES (138, '2019-09-25 00:41:21.144458', '2019-09-25 00:41:21.144458', 18, 0);
INSERT INTO `sys_role_menu` VALUES (867, '2019-10-12 16:15:06.167767', '2019-10-12 16:15:06.167767', 24, 0);
INSERT INTO `sys_role_menu` VALUES (868, '2019-10-12 16:15:06.172573', '2019-10-12 16:15:06.172573', 24, 0);
INSERT INTO `sys_role_menu` VALUES (869, '2019-10-12 16:15:06.176941', '2019-10-12 16:15:06.176941', 24, 0);
INSERT INTO `sys_role_menu` VALUES (870, '2019-10-12 16:15:06.182146', '2019-10-12 16:15:06.182146', 24, 0);
INSERT INTO `sys_role_menu` VALUES (871, '2019-10-12 16:15:06.186409', '2019-10-12 16:15:06.186409', 24, 0);
INSERT INTO `sys_role_menu` VALUES (872, '2019-10-12 16:15:06.190788', '2019-10-12 16:15:06.190788', 24, 0);
INSERT INTO `sys_role_menu` VALUES (873, '2019-10-12 16:15:06.194922', '2019-10-12 16:15:06.194922', 24, 0);
INSERT INTO `sys_role_menu` VALUES (874, '2019-10-12 16:15:06.199735', '2019-10-12 16:15:06.199735', 24, 0);
INSERT INTO `sys_role_menu` VALUES (875, '2019-10-12 16:15:06.205756', '2019-10-12 16:15:06.205756', 24, 0);
INSERT INTO `sys_role_menu` VALUES (876, '2019-10-12 16:15:06.211841', '2019-10-12 16:15:06.211841', 24, 0);
INSERT INTO `sys_role_menu` VALUES (877, '2019-10-12 16:15:06.216456', '2019-10-12 16:15:06.216456', 24, 0);
INSERT INTO `sys_role_menu` VALUES (878, '2019-10-12 16:15:06.220695', '2019-10-12 16:15:06.220695', 24, 0);
INSERT INTO `sys_role_menu` VALUES (879, '2019-10-12 16:15:06.224822', '2019-10-12 16:15:06.224822', 24, 0);
INSERT INTO `sys_role_menu` VALUES (880, '2019-10-12 16:15:06.233621', '2019-10-12 16:15:06.233621', 24, 0);
INSERT INTO `sys_role_menu` VALUES (881, '2019-10-12 16:15:06.239309', '2019-10-12 16:15:06.239309', 24, 0);
INSERT INTO `sys_role_menu` VALUES (882, '2019-10-12 16:15:06.243481', '2019-10-12 16:15:06.243481', 24, 0);
INSERT INTO `sys_role_menu` VALUES (883, '2019-10-12 16:15:06.247731', '2019-10-12 16:15:06.247731', 24, 0);
INSERT INTO `sys_role_menu` VALUES (884, '2019-10-12 16:15:06.252832', '2019-10-12 16:15:06.252832', 24, 0);
INSERT INTO `sys_role_menu` VALUES (885, '2019-10-12 16:15:06.257061', '2019-10-12 16:15:06.257061', 24, 0);
INSERT INTO `sys_role_menu` VALUES (886, '2019-10-12 16:15:06.261862', '2019-10-12 16:15:06.261862', 24, 0);
INSERT INTO `sys_role_menu` VALUES (887, '2019-10-12 16:15:06.267708', '2019-10-12 16:15:06.267708', 24, 0);
INSERT INTO `sys_role_menu` VALUES (888, '2019-10-12 16:15:06.274844', '2019-10-12 16:15:06.274844', 24, 0);
INSERT INTO `sys_role_menu` VALUES (889, '2019-10-12 16:15:06.279153', '2019-10-12 16:15:06.279153', 24, 0);
INSERT INTO `sys_role_menu` VALUES (890, '2019-10-12 16:15:06.283420', '2019-10-12 16:15:06.283420', 24, 0);
INSERT INTO `sys_role_menu` VALUES (891, '2019-11-05 22:14:16.056755', '2019-11-05 22:14:16.056755', 23, 0);
INSERT INTO `sys_role_menu` VALUES (892, '2019-11-05 22:14:16.063030', '2019-11-05 22:14:16.063030', 23, 0);
INSERT INTO `sys_role_menu` VALUES (893, '2019-11-05 22:14:16.069977', '2019-11-05 22:14:16.069977', 23, 0);
INSERT INTO `sys_role_menu` VALUES (894, '2019-11-05 22:14:16.078227', '2019-11-05 22:14:16.078227', 23, 0);
INSERT INTO `sys_role_menu` VALUES (895, '2019-11-05 22:14:16.091438', '2019-11-05 22:14:16.091438', 23, 0);
INSERT INTO `sys_role_menu` VALUES (896, '2019-11-05 22:14:16.096875', '2019-11-05 22:14:16.096875', 23, 0);
INSERT INTO `sys_role_menu` VALUES (897, '2019-11-05 22:14:16.103069', '2019-11-05 22:14:16.103069', 23, 0);
INSERT INTO `sys_role_menu` VALUES (898, '2019-11-05 22:14:16.109508', '2019-11-05 22:14:16.109508', 23, 0);
INSERT INTO `sys_role_menu` VALUES (899, '2019-11-05 22:14:16.114690', '2019-11-05 22:14:16.114690', 23, 0);
INSERT INTO `sys_role_menu` VALUES (900, '2019-11-05 22:14:16.124765', '2019-11-05 22:14:16.124765', 23, 0);
INSERT INTO `sys_role_menu` VALUES (901, '2019-11-05 22:14:16.136467', '2019-11-05 22:14:16.136467', 23, 0);
INSERT INTO `sys_role_menu` VALUES (902, '2019-11-05 22:14:16.145850', '2019-11-05 22:14:16.145850', 23, 0);
INSERT INTO `sys_role_menu` VALUES (903, '2019-11-05 22:14:16.151799', '2019-11-05 22:14:16.151799', 23, 0);
INSERT INTO `sys_role_menu` VALUES (904, '2019-11-05 22:14:16.156997', '2019-11-05 22:14:16.156997', 23, 0);
INSERT INTO `sys_role_menu` VALUES (905, '2019-11-05 22:14:16.162013', '2019-11-05 22:14:16.162013', 23, 0);
INSERT INTO `sys_role_menu` VALUES (906, '2019-11-05 22:14:16.166897', '2019-11-05 22:14:16.166897', 23, 0);
INSERT INTO `sys_role_menu` VALUES (907, '2019-11-05 22:14:16.172890', '2019-11-05 22:14:16.172890', 23, 0);
INSERT INTO `sys_role_menu` VALUES (908, '2019-11-05 22:14:16.179600', '2019-11-05 22:14:16.179600', 23, 0);
INSERT INTO `sys_role_menu` VALUES (909, '2019-11-05 22:14:16.184456', '2019-11-05 22:14:16.184456', 23, 0);
INSERT INTO `sys_role_menu` VALUES (910, '2019-11-05 22:14:16.189343', '2019-11-05 22:14:16.189343', 23, 0);
INSERT INTO `sys_role_menu` VALUES (911, '2019-11-05 22:14:16.195251', '2019-11-05 22:14:16.195251', 23, 0);
INSERT INTO `sys_role_menu` VALUES (912, '2019-11-05 22:14:16.200053', '2019-11-05 22:14:16.200053', 23, 0);
INSERT INTO `sys_role_menu` VALUES (913, '2019-11-05 22:14:18.192401', '2019-11-05 22:14:18.192401', 22, 0);
INSERT INTO `sys_role_menu` VALUES (914, '2019-11-05 22:14:18.197334', '2019-11-05 22:14:18.197334', 22, 0);
INSERT INTO `sys_role_menu` VALUES (915, '2019-11-05 22:14:18.202609', '2019-11-05 22:14:18.202609', 22, 0);
INSERT INTO `sys_role_menu` VALUES (916, '2019-11-05 22:14:18.211358', '2019-11-05 22:14:18.211358', 22, 0);
INSERT INTO `sys_role_menu` VALUES (917, '2019-11-05 22:14:18.222491', '2019-11-05 22:14:18.222491', 22, 0);
INSERT INTO `sys_role_menu` VALUES (918, '2019-11-05 22:14:18.227339', '2019-11-05 22:14:18.227339', 22, 0);
INSERT INTO `sys_role_menu` VALUES (919, '2019-11-05 22:14:18.232034', '2019-11-05 22:14:18.232034', 22, 0);
INSERT INTO `sys_role_menu` VALUES (920, '2019-11-05 22:14:18.242783', '2019-11-05 22:14:18.242783', 22, 0);
INSERT INTO `sys_role_menu` VALUES (927, '2019-11-06 16:28:47.239598', '2019-11-06 16:28:47.239598', 26, 0);
INSERT INTO `sys_role_menu` VALUES (928, '2019-11-06 16:28:47.250806', '2019-11-06 16:28:47.250806', 26, 0);
INSERT INTO `sys_role_menu` VALUES (929, '2019-11-06 16:28:47.256429', '2019-11-06 16:28:47.256429', 26, 0);
INSERT INTO `sys_role_menu` VALUES (930, '2019-11-06 16:28:47.261071', '2019-11-06 16:28:47.261071', 26, 0);
INSERT INTO `sys_role_menu` VALUES (931, '2019-11-06 16:28:47.276814', '2019-11-06 16:28:47.276814', 26, 0);
INSERT INTO `sys_role_menu` VALUES (953, '2019-11-20 15:38:36.301783', '2019-11-20 15:38:36.301783', 29, 1);
INSERT INTO `sys_role_menu` VALUES (954, '2019-11-20 15:38:36.311870', '2019-11-20 15:38:36.311870', 29, 53);
INSERT INTO `sys_role_menu` VALUES (955, '2019-11-20 15:38:36.324812', '2019-11-20 15:38:36.324812', 29, 45);
INSERT INTO `sys_role_menu` VALUES (956, '2019-11-20 15:38:36.331792', '2019-11-20 15:38:36.331792', 29, 43);
INSERT INTO `sys_role_menu` VALUES (957, '2019-11-20 15:38:36.340468', '2019-11-20 15:38:36.340468', 29, 49);
INSERT INTO `sys_role_menu` VALUES (958, '2019-11-20 15:38:36.348038', '2019-11-20 15:38:36.348038', 29, 2);
INSERT INTO `sys_role_menu` VALUES (959, '2019-11-20 15:38:36.355328', '2019-11-20 15:38:36.355328', 29, 27);
INSERT INTO `sys_role_menu` VALUES (960, '2019-11-20 15:38:36.359654', '2019-11-20 15:38:36.359654', 29, 17);
INSERT INTO `sys_role_menu` VALUES (961, '2019-11-20 15:38:36.364408', '2019-11-20 15:38:36.364408', 29, 59);
INSERT INTO `sys_role_menu` VALUES (962, '2019-11-20 15:38:36.368796', '2019-11-20 15:38:36.368796', 29, 60);
INSERT INTO `sys_role_menu` VALUES (963, '2019-11-20 15:38:36.373162', '2019-11-20 15:38:36.373162', 29, 61);
INSERT INTO `sys_role_menu` VALUES (964, '2019-11-20 15:38:36.377858', '2019-11-20 15:38:36.377858', 29, 62);
INSERT INTO `sys_role_menu` VALUES (965, '2019-11-20 15:38:36.384752', '2019-11-20 15:38:36.384752', 29, 63);
INSERT INTO `sys_role_menu` VALUES (966, '2019-11-20 15:38:36.393795', '2019-11-20 15:38:36.393795', 29, 65);
INSERT INTO `sys_role_menu` VALUES (967, '2019-11-20 15:38:36.399660', '2019-11-20 15:38:36.399660', 29, 18);
INSERT INTO `sys_role_menu` VALUES (968, '2019-11-20 15:38:36.405684', '2019-11-20 15:38:36.405684', 29, 19);
INSERT INTO `sys_role_menu` VALUES (969, '2019-11-20 15:38:36.417278', '2019-11-20 15:38:36.417278', 29, 20);
INSERT INTO `sys_role_menu` VALUES (970, '2019-11-20 15:38:36.425006', '2019-11-20 15:38:36.425006', 29, 21);
INSERT INTO `sys_role_menu` VALUES (971, '2019-11-20 15:38:36.432167', '2019-11-20 15:38:36.432167', 29, 8);
INSERT INTO `sys_role_menu` VALUES (972, '2019-11-20 15:38:36.441416', '2019-11-20 15:38:36.441416', 29, 10);
INSERT INTO `sys_role_menu` VALUES (973, '2019-11-20 15:38:36.448209', '2019-11-20 15:38:36.448209', 29, 11);
INSERT INTO `sys_role_menu` VALUES (974, '2019-11-20 15:38:36.452642', '2019-11-20 15:38:36.452642', 29, 12);
INSERT INTO `sys_role_menu` VALUES (975, '2019-11-20 15:38:36.458106', '2019-11-20 15:38:36.458106', 29, 13);
INSERT INTO `sys_role_menu` VALUES (976, '2019-11-20 15:38:36.462988', '2019-11-20 15:38:36.462988', 29, 22);
INSERT INTO `sys_role_menu` VALUES (977, '2019-11-20 15:38:36.467914', '2019-11-20 15:38:36.467914', 29, 23);
INSERT INTO `sys_role_menu` VALUES (978, '2019-11-20 15:38:36.474978', '2019-11-20 15:38:36.474978', 29, 24);
INSERT INTO `sys_role_menu` VALUES (979, '2019-11-20 15:38:36.479461', '2019-11-20 15:38:36.479461', 29, 25);
INSERT INTO `sys_role_menu` VALUES (980, '2019-11-20 15:38:36.484749', '2019-11-20 15:38:36.484749', 29, 26);
INSERT INTO `sys_role_menu` VALUES (981, '2019-11-20 15:38:36.489338', '2019-11-20 15:38:36.489338', 29, 28);
INSERT INTO `sys_role_menu` VALUES (982, '2019-11-20 15:38:36.493807', '2019-11-20 15:38:36.493807', 29, 29);
INSERT INTO `sys_role_menu` VALUES (983, '2019-11-20 15:38:36.499537', '2019-11-20 15:38:36.499537', 29, 30);
INSERT INTO `sys_role_menu` VALUES (984, '2019-11-20 15:38:36.510351', '2019-11-20 15:38:36.510351', 29, 51);
INSERT INTO `sys_role_menu` VALUES (985, '2019-11-20 15:38:36.514727', '2019-11-20 15:38:36.514727', 29, 47);
INSERT INTO `sys_role_menu` VALUES (986, '2019-11-20 15:38:36.518915', '2019-11-20 15:38:36.518915', 29, 48);
INSERT INTO `sys_role_menu` VALUES (1021, '2019-11-20 15:48:57.986005', '2019-11-20 15:48:57.986005', 30, 1);
INSERT INTO `sys_role_menu` VALUES (1022, '2019-11-20 15:48:58.106434', '2019-11-20 15:48:58.106434', 30, 53);
INSERT INTO `sys_role_menu` VALUES (1023, '2019-11-20 15:48:58.212226', '2019-11-20 15:48:58.212226', 30, 45);
INSERT INTO `sys_role_menu` VALUES (1024, '2019-11-20 15:48:58.304996', '2019-11-20 15:48:58.304996', 30, 43);
INSERT INTO `sys_role_menu` VALUES (1025, '2019-11-20 15:48:58.396317', '2019-11-20 15:48:58.396317', 30, 49);
INSERT INTO `sys_role_menu` VALUES (1026, '2019-11-20 15:48:58.485613', '2019-11-20 15:48:58.485613', 30, 2);
INSERT INTO `sys_role_menu` VALUES (1027, '2019-11-20 15:48:58.583594', '2019-11-20 15:48:58.583594', 30, 27);
INSERT INTO `sys_role_menu` VALUES (1028, '2019-11-20 15:48:58.703265', '2019-11-20 15:48:58.703265', 30, 17);
INSERT INTO `sys_role_menu` VALUES (1029, '2019-11-20 15:48:58.809437', '2019-11-20 15:48:58.809437', 30, 59);
INSERT INTO `sys_role_menu` VALUES (1030, '2019-11-20 15:48:58.903667', '2019-11-20 15:48:58.903667', 30, 60);
INSERT INTO `sys_role_menu` VALUES (1031, '2019-11-20 15:48:58.991331', '2019-11-20 15:48:58.991331', 30, 61);
INSERT INTO `sys_role_menu` VALUES (1032, '2019-11-20 15:48:59.082845', '2019-11-20 15:48:59.082845', 30, 62);
INSERT INTO `sys_role_menu` VALUES (1033, '2019-11-20 15:48:59.185234', '2019-11-20 15:48:59.185234', 30, 63);
INSERT INTO `sys_role_menu` VALUES (1034, '2019-11-20 15:48:59.307216', '2019-11-20 15:48:59.307216', 30, 65);
INSERT INTO `sys_role_menu` VALUES (1035, '2019-11-20 15:48:59.424020', '2019-11-20 15:48:59.424020', 30, 18);
INSERT INTO `sys_role_menu` VALUES (1036, '2019-11-20 15:48:59.518959', '2019-11-20 15:48:59.518959', 30, 19);
INSERT INTO `sys_role_menu` VALUES (1037, '2019-11-20 15:48:59.608891', '2019-11-20 15:48:59.608891', 30, 20);
INSERT INTO `sys_role_menu` VALUES (1038, '2019-11-20 15:48:59.698854', '2019-11-20 15:48:59.698854', 30, 21);
INSERT INTO `sys_role_menu` VALUES (1039, '2019-11-20 15:48:59.796802', '2019-11-20 15:48:59.796802', 30, 8);
INSERT INTO `sys_role_menu` VALUES (1040, '2019-11-20 15:48:59.916117', '2019-11-20 15:48:59.916117', 30, 10);
INSERT INTO `sys_role_menu` VALUES (1041, '2019-11-20 15:49:00.020465', '2019-11-20 15:49:00.020465', 30, 11);
INSERT INTO `sys_role_menu` VALUES (1042, '2019-11-20 15:49:00.113954', '2019-11-20 15:49:00.113954', 30, 12);
INSERT INTO `sys_role_menu` VALUES (1043, '2019-11-20 15:49:00.203839', '2019-11-20 15:49:00.203839', 30, 13);
INSERT INTO `sys_role_menu` VALUES (1044, '2019-11-20 15:49:00.294606', '2019-11-20 15:49:00.294606', 30, 22);
INSERT INTO `sys_role_menu` VALUES (1045, '2019-11-20 15:49:00.393320', '2019-11-20 15:49:00.393320', 30, 23);
INSERT INTO `sys_role_menu` VALUES (1046, '2019-11-20 15:49:00.512970', '2019-11-20 15:49:00.512970', 30, 24);
INSERT INTO `sys_role_menu` VALUES (1047, '2019-11-20 15:49:00.616566', '2019-11-20 15:49:00.616566', 30, 25);
INSERT INTO `sys_role_menu` VALUES (1048, '2019-11-20 15:49:00.710823', '2019-11-20 15:49:00.710823', 30, 26);
INSERT INTO `sys_role_menu` VALUES (1049, '2019-11-20 15:49:00.798504', '2019-11-20 15:49:00.798504', 30, 28);
INSERT INTO `sys_role_menu` VALUES (1050, '2019-11-20 15:49:00.887412', '2019-11-20 15:49:00.887412', 30, 29);
INSERT INTO `sys_role_menu` VALUES (1051, '2019-11-20 15:49:00.986103', '2019-11-20 15:49:00.986103', 30, 30);
INSERT INTO `sys_role_menu` VALUES (1052, '2019-11-20 15:49:01.105769', '2019-11-20 15:49:01.105769', 30, 51);
INSERT INTO `sys_role_menu` VALUES (1053, '2019-11-20 15:49:01.218223', '2019-11-20 15:49:01.218223', 30, 47);
INSERT INTO `sys_role_menu` VALUES (1054, '2019-11-20 15:49:01.311715', '2019-11-20 15:49:01.311715', 30, 48);
INSERT INTO `sys_role_menu` VALUES (1087, '2019-11-20 15:50:31.086823', '2019-11-20 15:50:31.086823', 28, 1);
INSERT INTO `sys_role_menu` VALUES (1088, '2019-11-20 15:50:31.202090', '2019-11-20 15:50:31.202090', 28, 53);
INSERT INTO `sys_role_menu` VALUES (1089, '2019-11-20 15:50:31.332046', '2019-11-20 15:50:31.332046', 28, 45);
INSERT INTO `sys_role_menu` VALUES (1090, '2019-11-20 15:50:31.453922', '2019-11-20 15:50:31.453922', 28, 43);
INSERT INTO `sys_role_menu` VALUES (1091, '2019-11-20 15:50:31.547850', '2019-11-20 15:50:31.547850', 28, 49);
INSERT INTO `sys_role_menu` VALUES (1092, '2019-11-20 15:50:31.644821', '2019-11-20 15:50:31.644821', 28, 2);
INSERT INTO `sys_role_menu` VALUES (1093, '2019-11-20 15:50:31.753734', '2019-11-20 15:50:31.753734', 28, 27);
INSERT INTO `sys_role_menu` VALUES (1094, '2019-11-20 15:50:31.868616', '2019-11-20 15:50:31.868616', 28, 17);
INSERT INTO `sys_role_menu` VALUES (1095, '2019-11-20 15:50:32.004953', '2019-11-20 15:50:32.004953', 28, 59);
INSERT INTO `sys_role_menu` VALUES (1096, '2019-11-20 15:50:32.125528', '2019-11-20 15:50:32.125528', 28, 60);
INSERT INTO `sys_role_menu` VALUES (1097, '2019-11-20 15:50:32.218069', '2019-11-20 15:50:32.218069', 28, 61);
INSERT INTO `sys_role_menu` VALUES (1098, '2019-11-20 15:50:32.315766', '2019-11-20 15:50:32.315766', 28, 62);
INSERT INTO `sys_role_menu` VALUES (1099, '2019-11-20 15:50:32.423330', '2019-11-20 15:50:32.423330', 28, 63);
INSERT INTO `sys_role_menu` VALUES (1100, '2019-11-20 15:50:32.537843', '2019-11-20 15:50:32.537843', 28, 65);
INSERT INTO `sys_role_menu` VALUES (1101, '2019-11-20 15:50:32.667348', '2019-11-20 15:50:32.667348', 28, 18);
INSERT INTO `sys_role_menu` VALUES (1102, '2019-11-20 15:50:32.801051', '2019-11-20 15:50:32.801051', 28, 19);
INSERT INTO `sys_role_menu` VALUES (1103, '2019-11-20 15:50:32.907455', '2019-11-20 15:50:32.907455', 28, 20);
INSERT INTO `sys_role_menu` VALUES (1104, '2019-11-20 15:50:33.021963', '2019-11-20 15:50:33.021963', 28, 21);
INSERT INTO `sys_role_menu` VALUES (1105, '2019-11-20 15:50:33.152371', '2019-11-20 15:50:33.152371', 28, 8);
INSERT INTO `sys_role_menu` VALUES (1106, '2019-11-20 15:50:33.258070', '2019-11-20 15:50:33.258070', 28, 10);
INSERT INTO `sys_role_menu` VALUES (1107, '2019-11-20 15:50:33.354995', '2019-11-20 15:50:33.354995', 28, 11);
INSERT INTO `sys_role_menu` VALUES (1108, '2019-11-20 15:50:33.466397', '2019-11-20 15:50:33.466397', 28, 12);
INSERT INTO `sys_role_menu` VALUES (1109, '2019-11-20 15:50:33.582469', '2019-11-20 15:50:33.582469', 28, 13);
INSERT INTO `sys_role_menu` VALUES (1110, '2019-11-20 15:50:33.696298', '2019-11-20 15:50:33.696298', 28, 22);
INSERT INTO `sys_role_menu` VALUES (1111, '2019-11-20 15:50:33.825341', '2019-11-20 15:50:33.825341', 28, 23);
INSERT INTO `sys_role_menu` VALUES (1112, '2019-11-20 15:50:33.930322', '2019-11-20 15:50:33.930322', 28, 24);
INSERT INTO `sys_role_menu` VALUES (1113, '2019-11-20 15:50:34.026717', '2019-11-20 15:50:34.026717', 28, 25);
INSERT INTO `sys_role_menu` VALUES (1114, '2019-11-20 15:50:34.137896', '2019-11-20 15:50:34.137896', 28, 26);
INSERT INTO `sys_role_menu` VALUES (1115, '2019-11-20 15:50:34.246722', '2019-11-20 15:50:34.246722', 28, 28);
INSERT INTO `sys_role_menu` VALUES (1116, '2019-11-20 15:50:34.361437', '2019-11-20 15:50:34.361437', 28, 29);
INSERT INTO `sys_role_menu` VALUES (1117, '2019-11-20 15:50:34.489654', '2019-11-20 15:50:34.489654', 28, 30);
INSERT INTO `sys_role_menu` VALUES (1118, '2019-11-20 15:50:34.595799', '2019-11-20 15:50:34.595799', 28, 51);
INSERT INTO `sys_role_menu` VALUES (1119, '2019-11-20 15:50:42.814021', '2019-11-20 15:50:42.814021', 27, 2);
INSERT INTO `sys_role_menu` VALUES (1120, '2019-11-20 15:50:42.937387', '2019-11-20 15:50:42.937387', 27, 27);
INSERT INTO `sys_role_menu` VALUES (1121, '2019-11-20 15:50:43.041845', '2019-11-20 15:50:43.041845', 27, 17);
INSERT INTO `sys_role_menu` VALUES (1122, '2019-11-20 15:50:43.138654', '2019-11-20 15:50:43.138654', 27, 59);
INSERT INTO `sys_role_menu` VALUES (1123, '2019-11-20 15:50:43.247873', '2019-11-20 15:50:43.247873', 27, 60);
INSERT INTO `sys_role_menu` VALUES (1124, '2019-11-20 15:50:43.360334', '2019-11-20 15:50:43.360334', 27, 61);
INSERT INTO `sys_role_menu` VALUES (1125, '2019-11-20 15:50:43.480977', '2019-11-20 15:50:43.480977', 27, 62);
INSERT INTO `sys_role_menu` VALUES (1126, '2019-11-20 15:50:43.610306', '2019-11-20 15:50:43.610306', 27, 63);
INSERT INTO `sys_role_menu` VALUES (1127, '2019-11-20 15:50:43.715999', '2019-11-20 15:50:43.715999', 27, 65);
INSERT INTO `sys_role_menu` VALUES (1128, '2019-11-20 15:50:43.812697', '2019-11-20 15:50:43.812697', 27, 18);
INSERT INTO `sys_role_menu` VALUES (1129, '2019-11-20 15:50:43.920555', '2019-11-20 15:50:43.920555', 27, 19);
INSERT INTO `sys_role_menu` VALUES (1130, '2019-11-20 15:50:44.028781', '2019-11-20 15:50:44.028781', 27, 20);
INSERT INTO `sys_role_menu` VALUES (1131, '2019-11-20 15:50:44.146183', '2019-11-20 15:50:44.146183', 27, 21);
INSERT INTO `sys_role_menu` VALUES (1132, '2019-11-20 15:50:44.275939', '2019-11-20 15:50:44.275939', 27, 8);
INSERT INTO `sys_role_menu` VALUES (1133, '2019-11-20 15:50:44.380569', '2019-11-20 15:50:44.380569', 27, 10);
INSERT INTO `sys_role_menu` VALUES (1134, '2019-11-20 15:50:44.476163', '2019-11-20 15:50:44.476163', 27, 11);
INSERT INTO `sys_role_menu` VALUES (1135, '2019-11-20 15:50:44.586004', '2019-11-20 15:50:44.586004', 27, 12);
INSERT INTO `sys_role_menu` VALUES (1136, '2019-11-20 15:50:44.692314', '2019-11-20 15:50:44.692314', 27, 13);
INSERT INTO `sys_role_menu` VALUES (1137, '2019-11-20 15:50:44.808692', '2019-11-20 15:50:44.808692', 27, 22);
INSERT INTO `sys_role_menu` VALUES (1138, '2019-11-20 15:50:44.936555', '2019-11-20 15:50:44.936555', 27, 23);
INSERT INTO `sys_role_menu` VALUES (1139, '2019-11-20 15:50:45.040399', '2019-11-20 15:50:45.040399', 27, 24);
INSERT INTO `sys_role_menu` VALUES (1140, '2019-11-20 15:50:45.136941', '2019-11-20 15:50:45.136941', 27, 25);
INSERT INTO `sys_role_menu` VALUES (1141, '2019-11-20 15:50:45.243717', '2019-11-20 15:50:45.243717', 27, 26);
INSERT INTO `sys_role_menu` VALUES (1142, '2019-11-20 15:50:45.351073', '2019-11-20 15:50:45.351073', 27, 28);
INSERT INTO `sys_role_menu` VALUES (1143, '2019-11-20 15:50:45.470725', '2019-11-20 15:50:45.470725', 27, 29);
INSERT INTO `sys_role_menu` VALUES (1144, '2019-11-20 15:50:45.603631', '2019-11-20 15:50:45.603631', 27, 30);
INSERT INTO `sys_role_menu` VALUES (1145, '2019-11-20 15:50:45.709509', '2019-11-20 15:50:45.709509', 27, 51);
COMMIT;

-- ----------------------------
-- Table structure for sys_user
-- ----------------------------
DROP TABLE IF EXISTS `sys_user`;
CREATE TABLE `sys_user` (
  `id` bigint(20) NOT NULL AUTO_INCREMENT,
  `name` varchar(255) DEFAULT NULL,
  `password` varchar(255) NOT NULL,
  `passwordV` int(11) NOT NULL DEFAULT '1',
  `nickName` varchar(255) DEFAULT NULL,
  `headImg` varchar(255) DEFAULT NULL,
  `email` varchar(255) DEFAULT NULL,
  `remark` varchar(500) DEFAULT NULL,
  `status` tinyint(4) NOT NULL DEFAULT '1',
  `createTime` datetime(6) NOT NULL DEFAULT CURRENT_TIMESTAMP(6),
  `updateTime` datetime(6) NOT NULL DEFAULT CURRENT_TIMESTAMP(6),
  `username` varchar(100) NOT NULL,
  `phone` varchar(20) DEFAULT NULL,
  `departmentId` bigint(20) DEFAULT NULL,
  PRIMARY KEY (`id`) USING BTREE,
  UNIQUE KEY `IDX_9e7164b2f1ea1348bc0eb0a7da` (`username`) USING BTREE,
  KEY `IDX_167ca903c7c3418b8a4376e1a4` (`createTime`) USING BTREE,
  KEY `IDX_7bef5cdb09432b1dfc46a063ce` (`phone`) USING BTREE
) ENGINE=InnoDB AUTO_INCREMENT=22 DEFAULT CHARSET=utf8mb4;

-- ----------------------------
-- Records of sys_user
-- ----------------------------
BEGIN;
INSERT INTO `sys_user` VALUES (1, '超级管理员', 'e10adc3949ba59abbe56e057f20f883e', 1, '超管', 'https://cool-admin-test.oss-cn-shenzhen.aliyuncs.com/20191112/66f601a0-04ed-11ea-a6c3-85aa43fd65db.gif', '123456@qq.com', '备注', 1, '2019-06-25 10:20:20.600461', '2019-11-12 09:40:27.000000', 'admin', '18000000000', 1);
INSERT INTO `sys_user` VALUES (16, 'test', 'e10adc3949ba59abbe56e057f20f883e', 1, NULL, NULL, NULL, NULL, 1, '2019-11-11 10:37:43.851039', '2019-11-11 11:17:25.000000', '测试', NULL, 14);
INSERT INTO `sys_user` VALUES (17, '阿', 'e10adc3949ba59abbe56e057f20f883e', 1, '123', NULL, NULL, NULL, 1, '2019-11-18 18:07:57.648144', '2019-11-18 18:07:57.648144', '123', NULL, 16);
INSERT INTO `sys_user` VALUES (18, '阿打算', 'e10adc3949ba59abbe56e057f20f883e', 1, '12312', NULL, NULL, NULL, 1, '2019-11-18 18:20:04.326660', '2019-11-18 18:20:04.326660', '3123', NULL, 13);
INSERT INTO `sys_user` VALUES (19, '33', 'e10adc3949ba59abbe56e057f20f883e', 1, '333', NULL, NULL, NULL, 1, '2019-11-19 00:02:27.390425', '2019-11-19 00:02:27.390425', '333', NULL, 17);
INSERT INTO `sys_user` VALUES (20, '测试部门权限', 'e10adc3949ba59abbe56e057f20f883e', 1, '测试部门权限昵称', NULL, NULL, NULL, 1, '2019-11-20 15:39:28.637665', '2019-11-20 15:39:28.637665', 'testdep', NULL, 1);
INSERT INTO `sys_user` VALUES (21, '测试部门权限2', 'e10adc3949ba59abbe56e057f20f883e', 1, '权限2昵称', NULL, NULL, NULL, 1, '2019-11-20 15:48:31.407260', '2019-11-20 15:48:31.407260', 'testdp2', NULL, 1);
COMMIT;

-- ----------------------------
-- Table structure for sys_user_role
-- ----------------------------
DROP TABLE IF EXISTS `sys_user_role`;
CREATE TABLE `sys_user_role` (
  `id` bigint(20) NOT NULL AUTO_INCREMENT,
  `createTime` datetime(6) NOT NULL DEFAULT CURRENT_TIMESTAMP(6),
  `updateTime` datetime(6) NOT NULL DEFAULT CURRENT_TIMESTAMP(6),
  `userId` bigint(20) NOT NULL,
  `roleId` bigint(20) NOT NULL,
  PRIMARY KEY (`id`) USING BTREE,
  KEY `IDX_56d79fdd5342d2e35d7d9fec02` (`createTime`) USING BTREE
) ENGINE=InnoDB AUTO_INCREMENT=92 DEFAULT CHARSET=utf8mb4;

-- ----------------------------
-- Records of sys_user_role
-- ----------------------------
BEGIN;
INSERT INTO `sys_user_role` VALUES (1, '2019-09-11 23:05:18.890144', '2019-09-11 23:05:18.890144', 1, 1);
INSERT INTO `sys_user_role` VALUES (2, '2019-09-25 10:11:32.665042', '2019-09-25 10:11:32.665042', 2, 1);
INSERT INTO `sys_user_role` VALUES (5, '2019-10-12 17:21:20.139560', '2019-10-12 17:21:20.139560', 3, 22);
INSERT INTO `sys_user_role` VALUES (30, '2019-11-01 14:20:10.865935', '2019-11-01 14:20:10.865935', 5, 22);
INSERT INTO `sys_user_role` VALUES (31, '2019-11-01 14:20:10.872003', '2019-11-01 14:20:10.872003', 5, 1);
INSERT INTO `sys_user_role` VALUES (32, '2019-11-01 14:20:10.877348', '2019-11-01 14:20:10.877348', 5, 24);
INSERT INTO `sys_user_role` VALUES (37, '2019-11-02 17:11:07.717747', '2019-11-02 17:11:07.717747', 4, 1);
INSERT INTO `sys_user_role` VALUES (38, '2019-11-02 17:11:07.722790', '2019-11-02 17:11:07.722790', 4, 22);
INSERT INTO `sys_user_role` VALUES (39, '2019-11-02 17:11:07.727410', '2019-11-02 17:11:07.727410', 4, 23);
INSERT INTO `sys_user_role` VALUES (40, '2019-11-02 17:11:07.735471', '2019-11-02 17:11:07.735471', 4, 24);
INSERT INTO `sys_user_role` VALUES (44, '2019-11-04 17:50:35.158438', '2019-11-04 17:50:35.158438', 6, 22);
INSERT INTO `sys_user_role` VALUES (45, '2019-11-04 17:50:35.163856', '2019-11-04 17:50:35.163856', 6, 23);
INSERT INTO `sys_user_role` VALUES (51, '2019-11-05 22:35:14.306468', '2019-11-05 22:35:14.306468', 7, 22);
INSERT INTO `sys_user_role` VALUES (55, '2019-11-06 00:41:10.225544', '2019-11-06 00:41:10.225544', 9, 23);
INSERT INTO `sys_user_role` VALUES (56, '2019-11-06 00:41:10.230733', '2019-11-06 00:41:10.230733', 9, 22);
INSERT INTO `sys_user_role` VALUES (57, '2019-11-06 00:41:10.235927', '2019-11-06 00:41:10.235927', 9, 25);
INSERT INTO `sys_user_role` VALUES (58, '2019-11-06 00:41:10.240702', '2019-11-06 00:41:10.240702', 9, 1);
INSERT INTO `sys_user_role` VALUES (59, '2019-11-06 00:47:44.162575', '2019-11-06 00:47:44.162575', 10, 22);
INSERT INTO `sys_user_role` VALUES (60, '2019-11-06 00:47:44.167694', '2019-11-06 00:47:44.167694', 10, 23);
INSERT INTO `sys_user_role` VALUES (64, '2019-11-07 14:12:53.451430', '2019-11-07 14:12:53.451430', 12, 1);
INSERT INTO `sys_user_role` VALUES (71, '2019-11-10 08:58:15.413834', '2019-11-10 08:58:15.413834', 14, 27);
INSERT INTO `sys_user_role` VALUES (76, '2019-11-11 09:35:55.469018', '2019-11-11 09:35:55.469018', 13, 1);
INSERT INTO `sys_user_role` VALUES (77, '2019-11-11 09:35:55.474682', '2019-11-11 09:35:55.474682', 13, 27);
INSERT INTO `sys_user_role` VALUES (78, '2019-11-11 10:22:34.919093', '2019-11-11 10:22:34.919093', 15, 27);
INSERT INTO `sys_user_role` VALUES (79, '2019-11-11 10:22:34.926909', '2019-11-11 10:22:34.926909', 15, 28);
INSERT INTO `sys_user_role` VALUES (84, '2019-11-11 11:35:14.718204', '2019-11-11 11:35:14.718204', 16, 1);
INSERT INTO `sys_user_role` VALUES (85, '2019-11-11 11:35:14.723552', '2019-11-11 11:35:14.723552', 16, 27);
INSERT INTO `sys_user_role` VALUES (86, '2019-11-11 11:35:14.773011', '2019-11-11 11:35:14.773011', 16, 28);
INSERT INTO `sys_user_role` VALUES (87, '2019-11-18 18:07:57.801548', '2019-11-18 18:07:57.801548', 17, 1);
INSERT INTO `sys_user_role` VALUES (88, '2019-11-18 18:20:04.464118', '2019-11-18 18:20:04.464118', 18, 27);
INSERT INTO `sys_user_role` VALUES (89, '2019-11-19 00:02:27.513399', '2019-11-19 00:02:27.513399', 19, 29);
INSERT INTO `sys_user_role` VALUES (90, '2019-11-20 15:39:28.649071', '2019-11-20 15:39:28.649071', 20, 29);
INSERT INTO `sys_user_role` VALUES (91, '2019-11-20 15:48:31.556205', '2019-11-20 15:48:31.556205', 21, 30);
COMMIT;

SET FOREIGN_KEY_CHECKS = 1;
